wallet,veFlow
0x13eeB8EdfF60BbCcB24Ec7Dd5668aa246525Dc51,69596839.49096265
0xcC06464C7bbCF81417c08563dA2E1847c22b703a,23232089.71443671
0x1bAe1083CF4125eD5dEeb778985C1Effac0ecC06,22288741.96124136
0x06b16991B53632C2362267579AE7C4863c72fDb8,12773148.492078193
0x0b776552c1Aef1Dc33005DD25AcDA22493b6615d,12594004.828676343
0x78e801136F77805239A7F533521A7a5570F572C8,12072932.228455214
0x03B88DacB7c21B54cEfEcC297D981E5b721A9dF1,12053731.948632035
0x069e85D4F1010DD961897dC8C095FBB5FF297434,8330628.199276659
0xCba1A275e2D858EcffaF7a87F606f74B719a8A93,6048026.43987644
0x13cB009A280bd617ec1C9dB97A2584A90F0b23F3,6003050.64675363
0xCFFC6e659DF622e2d41c7A879C76E6d33F37925E,5646995.094877577
0xF09d213EE8a8B159C884b276b86E08E26B3bfF75,5335596.398595456
0x69224dbA1D77bfe6eA99409aB595d04631D95C22,4556285.744301634
0x4F09B919d969b58A96E8BD7673f12372D09395E8,4098002.558357503
0x548a6b2CbDb368c90a8E9FAFAD5A478f71B67076,4083469.7828104566
0xD204E3dC1937d3a30fc6F20ABc48AC5506C94D1E,3227309.9956081244
0xfF2AD84b31f046dECC8A4F627c7cf81fe61FF54b,3208908.2812361317
0xF6ec240620aD5288028ad1F96D8725db0c838B90,3137588.2011574786
0xa31d50414535263A9b217C7A517253Db0E9e8519,3018233.0571138035
0x1e4E1d10BA1c34dF8b48d5bC8508D6644431ACc2,2832895.812596309
0xa7f37a4699dD344440341134e9f94a4E7BA83110,2808785.887557077
0xb6fB12999a09eFfdbcC6F60776331eacCc42E539,2408213.7852672213
0x53a5dD07127739e5038cE81eff24ec503A6CC479,2372130.205304326
0xC6493626be58Dc647A5103970Da5BcF9F7FdbFd2,2178306.752608122
0xF0e4e74Ce34738826477b9280776fc797506fE13,1986451.1117011171
0x50149b01f19c2D4A403B1FE4469c117a5cEdb4fc,1888116.564587359
0xe5Fae1A033AD8cb1355E8F19811380AfD15B8bBa,1800047.3706955588
0x2b26dA567C2A8c220daF91be8E37A429D33AEF0B,1737020.9718542288
0xAA3736052423f768D224E38771F6D08802a6a3De,1736429.0125199163
0x90F15E09B8Fb5BC080B968170C638920Db3A3446,1608479.494254474
0xA67D2c03c3cfe6177a60cAed0a4cfDA7C7a563e0,1520399.1706803346
0x8CeFecbd7658E86BaB727D24EBf5ba104ae1AAF0,1509755.7575556263
0x57702217d1cDbf4DF7110ABD91832216310B4062,1449579.3825595155
0x2B5A41eF9Ec5edcdAB420758CfFFCBE8A1d52F6D,1433998.0328683532
0xA1bd107a3F1B8B6e83E0290Ed10561A0A8aF2D11,1260857.2833778951
0xD7ec17Fb2A97B1c0b6cDA86B031678A11184D3df,1249338.7052539748
0x09b45D9e4D5f2a4388403B2AA97E7E4619cefb5F,1190206.7086032645
0x169D49e0cB5Cb981d2602c7d17934AE10E2569C2,1170503.3962933356
0x427634084Fc822EDB362F368cfdb93cF2ABf143B,1116164.352664304
0x50230fbfC593C92E55ae27d3F25633DdB9693Ef6,1095830.4123817566
0xCFFE08BDf20918007f8Ab268C32f8756494fC8D8,1082448.1547691945
0xCAfc58De1E6A071790eFbB6B83b35397023E1544,1069264.8758612368
0xC5C821dE580A01f5979F3223cb2A34a8832eF3A4,1052872.7617625773
0x5BD97307A40DfBFDBAEf4B3d997ADB816F2dadCC,1014921.3969853189
0xBA1ee94032904bD9E8FE966a924355Fe5542b5A7,1006904.6782110652
0xd8d9A3F4f013722db285e16fEB2751501c87907E,1006858.9017981722
0xCccaCBFa941D79F5B54eCBaF4D74A2B9C9a5d8FF,1004919.6032858634
0x995F09D33AB1DbC68F6AB1f775E518b5fE842fB5,984207.1204337899
0x2d1bdC590Cb736097Bc5577c8974e28dc48F5ECc,904709.6954239976
0x2fcC020F72E5d2EdD2a24D04f3Dc90D7fDFbD1DD,885518.8585306805
0x0ddA3228B0729BfE7698988A669B81d4A306A8Ea,847341.4668385893
0x397A7EC90bb4f0e89Ffd2Fb3269a3ef295d4f84A,837583.3004453612
0xA6Ab028bd3945F769CDb4896EF3371019b776BB4,791721.9765601093
0x3bce96AB4cABd0b8514E42A84A074403413863a8,749312.1684634369
0xf8F53D1Da544f587E5639DD547328CBd9F3Ddda0,742799.3710712336
0xF0856528194E7C04d4f71782ECa7d4446082A75F,739173.6334157152
0x22Cf84e1DeB9a0Ce86d1533e438d6cdA9d289927,739153.7171226485
0x0a3043F9d2b1c6cCfc492EB59Af5156F378c57BD,684708.2781112383
0x3C2d6d7144241F1F1203c29C124585e55B58975E,650841.5064516026
0x684c350D9A0569A07454D778134f04406315a5b8,591309.666877598
0x486A0e4897018B286b7b2bfe63476AaD1437A040,521176.7891418561
0xC9eebecb1d0AfF4fb2B9978516E075A33639892C,496906.58837611444
0x5A1a3dff949225E39767Ca981218756DB47C7d8c,434037.08625905984
0xaA970e6bD6E187492f8327e514c9E8c36c81f11E,350247.0301856434
0x6a27d11E78b97d15DE5edbE5cf1fA3619466fe3e,347644.6174406703
0x55BC5E6Ad29DA823854822749FD2Eda2775C78bd,318632.4653037194
0x9aCf8D0315094d33Aa6875B673EB126483C3A2c0,304851.3264730531
0x8A94DB91F5a6e5b8a8bFDae9c60D49aEe03E860F,298299.269433168
0x8d26C9DAC7E16738752fa1446b956A97C63e2F39,296704.9494371619
0x3c86f7e3D52b4084c73E3612775eC8b9bc6721Ec,291589.5153016979
0x7c22953Bf2245A8298baf26D586Bd4b08a87caaa,287862.62185075565
0x714C8A1DB40eedc9240AF30bB25D5440796536aa,274583.14993654436
0xf37f3490C27e4CD822B56F16c59bc318Ba3551AD,250451.4703544956
0x35128c4263aA0213c59A897Fd31d8C837E8B71C8,250144.82125515805
0x4A80f927126eC56c1E6773805fFa03A04216b293,248719.8310988203
0xAE886e2A6AA00e98C0C7b1e4885f94a2dB720690,244696.22331048403
0x0709B103d46d71458a71e5d81230DD688809A53D,242423.56520848125
0x450f8F4096C05c5B2CEf13dbC4bB963a95247589,235148.7168237279
0x3c5Aac016EF2F178e8699D6208796A2D67557fe2,233326.645166655
0x9b25235ee2e5564F50810E03eA5F91976A8EE6fA,199008.79089980805
0x5275817b74021E97c980E95EdE6bbAc0D0d6f3a2,179341.81454066598
0x62D6E8C7c03D3Fc6276d3A44977C2501593BB90A,178318.32139796525
0x5fA275BA9F04BDC906084478Dbf41CBE29388C5d,177808.9255373458
0xf889B1D99b440AAa48839D7032088d96f7b3bceb,164386.42866786575
0x16f7773b109662294bE355D9C554fBFE2eF24147,159442.18926660853
0xAd789Eb3042dDE224CbBcacf0b57399de0807502,150016.33894674914
0x951B6d50D07C39b0f97A7bb2F5c1e96F07a093d3,141546.52469720307
0xBe26f41cBc89B8f6938871854d8699Ee45eA4d61,136069.85161933958
0x5D58EDC7a7C91239Ec2FD56a646679780886323c,133612.81901887315
0xC438E5d32f9381b59072b9a0c730Cbac41575A4E,124051.94376083533
0xb14d56ce29dADE0316EA5Df06D491636a7c4F3C8,119743.66562091616
0xCcca25ac5C1615bA9b4f0225eBAed20168Ad1434,117801.88311398185
0x5A2f17CA66dCEeD4C21253Af1663B5dB17B066Dc,115016.91247869772
0x6b61Dc88F642b9c5e5a16515281Fa9b397028048,114459.77709232926
0x063e340ed6bf775F2e8bda507F9CE4816109EB6E,114114.3919006385
0x9076DD7dBc8e8eE5A4aC72924Cd852D27a605b52,113381.77351343722
0x30FC315f8DDBFdfAe3cEf41d7e1BF818e9c99418,112639.5381872657
0xD1A0B66835D830e9ada42eEf436f3AA8005b20B5,110770.44200183268
0x91ddEb35264287785762e666B5fba5Da9E83b5C8,105054.52205060849
0x938EF8eB7d92B548714A1c2f4cF02581b449b68f,102609.61048876747
0x424bE8DF5Db7B04b1063Bd4Ee0F99Db445C59624,102086.96184531284
0xC002Ae38dE291433239B5D85ce6253638c85E47F,102042.63905084998
0xf96A10dcB261Aa932a589146E87D80E4Cc8446F2,98504.81044940533
0xDf6Af6DAC1B707f3A63a97f72Fe34E81aB16F592,96632.30725146711
0xF1F957595dc117128BF7d3AC5f71042a889b826a,95258.56966806021
0xa8E733C326cF7fAabc85A81Fd99b2902A795eaD1,94338.36593464192
0x49Ab5fc10011685912a9b36B0eE4deF3BA74700E,93289.82522868793
0x4733D8e32496e1e7CBc0c734B565a32e84676b5f,88105.57073770608
0xE8306d0cBa02c1f5a23b38DC3D0f4D6c5fA7A092,88013.42231703788
0xB835367ae1CaFCEa58a10A51b17Fea25d16c3daB,86882.86219366766
0xf6301E682769A8b3ECdCe94b2419ba40A958D17e,84152.25198392975
0x70ddC127D567b99f1cabC9E01a7AEE9577DFD8e1,80137.8127314744
0x2bf36C23f5d6973CD8d34ADad92A695A4B8C0768,77045.47317257119
0xD39ec0556B27beA894718C981470A15724278585,75732.11096288258
0x3854BEC598caE635F99C545DE0bCeCB37fFFE23e,75020.3707114434
0x3aCbD79643328D5F7D4F637e043d5ccd92D2C34d,72140.45595846162
0xe116d5F4CcD817e93a4827B4B1166fB3fA61BEC5,72135.15314263648
0xd7F1BfBfA430FFEE78511E37772cAdaFF63A9A23,71526.13089575249
0xD360EcB91406717Ad13C4fae757b69B417E2Af6b,69654.69349315061
0xEa444DA256b7FA70A44998eB929EA87a67646441,63949.47160564688
0x4fD91caE8695F1765B28C11876984065894B7b08,60116.12739398808
0x1c46564c7476f3F846abcf73e0a885E445ca85e8,59173.80135041782
0x540A6992368aA24dd6baD1DB8BF4982e6183Caf3,56474.354230332465
0xC797714De7d5D2A0FD328a64b30e1B9f4472731F,56399.072561108376
0x60d311976953E420316010D3FB454af4BC4e4597,54223.62780304977
0x2401E97E9a1C2582738a29ed30f31C4B0F0c76d6,53797.706954136636
0x6a018Ad51DE844243ce7FB743c3E5F4481DF6858,51784.0592232993
0xc27FD9D5113dE19EA89D0265Be9FD93F35f052c8,49823.52729991589
0x135Cc51c0b07a8f70256e8DF398e6B916b402444,49309.7784585768
0xAA1742ab92c694934b97Ab9F557E565Bd2217BFf,49053.3396626048
0xbEE2D469AACB46251aE33Cca91F482e26c971dFF,48024.84296516314
0x13108aB5c6eB7efDcD7Ba6F8cc55d265eAE6176F,47724.3479255783
0xD086EEcB20cF564d5868755E58FD55a1dB9B6D12,46695.66917953202
0x2F04ed87b5Ac8b703565469311341b0b44e315d7,46681.71694657513
0x56F662AADe12e5aB99C4dcb037d1274d0d5dcb94,46249.229540068394
0xf6eD81D5E9F61dd1eA21E96Ae1D660ECc388AE4F,44587.578948809554
0xC9ef36e1A1EAA2a832fC344dCf058b2f0f6ac51A,43274.85571769618
0x8656c4f48135DfbAD14CFaa894e1490aEf1cEA3e,42669.24867032646
0xDc43D0c0497FBf3BB3cf43dcAFaCe9c116d5dd21,40916.685399950424
0x9F533Eec49dc2DBbf495F1cD687c2536d424bE07,39085.90050904291
0xEfce38f31Ebeb9637E85D3487595261FDf6ebeEb,38174.24211720083
0xbA00D84Ddbc8cAe67C5800a52496E47A8CaFcd27,38050.05872851021
0x986052DDa7f0A5BC0bB209E22F5CDa370101cB0c,37983.278017136116
0x2F143CeE05f5BB2a15C2db55E31F6a9F9F81A5ea,36667.342424934664
0xb0FabE3bCAC50F065DBF68C0B271118DDC005402,36543.21839779268
0x47b023DB19b34519Aa34C39134b508CAc2C1efcB,36434.12181963187
0xd0441C0B63f6c97D56e9490B3fdd1c45F89D3678,35802.47354175979
0x88dAfd252a47b91CBbf1a43F7AAE449076c06328,35282.34457213682
0x7cAEa457224C345d1518a23FBd07ebDBdD21170C,33947.4425122284
0x08f20Ef5cbdC1E719B8EC333B71Cf2E0Ec46c29A,33814.372300055846
0xB3F039c970bcCF6Bc8b7e2f0C56c517287274531,32828.80167945023
0x024fa93943E8680A263065A9998a362dd8b219bE,32694.374531687463
0x08d2c744Fd60F2dca8C1885D3AA03Ff6D3fA5d11,32668.065587385612
0xFD478A4acF62becE76F834Eb2FF4e0926Aba39Ef,32007.497178296202
0x6c7286c5AB525ccD92c134c0dCDfDdfcA018B048,31366.89896749774
0x7E3b6f966f3666F77813db84DD352173749D24d8,31348.594446205432
0x037B21279931E628b11b4507b9F7870B15dE1C17,30666.389966877694
0x6A431fdEe149Ee5cD1925B0A6F30bc3e45481083,30555.135039230863
0x28aa4F9ffe21365473B64C161b566C3CdeAD0108,29477.26835555936
0xc06830694A5C22278CE214cBa0dF198486A68D91,28942.825336223126
0xB0720A40d6335dF0aC90fF9e4b755217632Ca78C,28378.5010221737
0x3822bBBd588fE86964c7751d6c6a6Bd010927307,28276.987422353628
0x92Ef2f096558149C49fa2553C4Dff3C7CC2763a6,27087.936358447478
0x3f9E0e7E11AB5E3cc0b9c01752Fc13a033DDD4e0,26592.265850866657
0x9387F71F3928ebe9cE8B3D8cF37a8FB52739aE7d,26035.768599375922
0x08d04CA4A84eab20b43BD74671Db8e46B745488B,25099.923121667263
0xDF4c3F9106a28983AeDC9BB70d27259982021335,25054.877266334108
0x69cD1C2E13113C09a22Ff98cBd2dB3f682f716B4,24216.69237633426
0x020D44CcBCfA264F8e5aADf65FC22641A460a793,24058.49513465395
0xc77D249809ae5A118eEf66227d1A01A3D62c82d4,24054.29964200526
0xd50FC1e69E030A27335ea9b25e1Fb183dc20641b,23165.675848618477
0xA7ff0bC6F74fc6C49ccbA87F3df51b1adf98543D,22426.100708474267
0x601fBA2000a86809342952673f4ea7EF1c703c44,22097.555445527407
0xf44Ef0256Be6cdC85Af4c5242d3F760C837be179,21327.51363726779
0x939a7EF73572e9218C7085ACa6d894bc237f15E3,20869.71939212328
0x7e53AF93688908D67fc3ddcE3f4B033dBc257C20,20680.298315486252
0x750872Cb963321506FDF4F037240E821Ac39CbFD,20576.363882749876
0xE43fA6CBb7DdA0bD863593c5E75fAe9B4dCD5CD4,20173.528959332187
0x8cb8c8C50C0a6D3295a4d2955Cb10e69E636bC80,19579.521539710437
0xe6cF807E4B2A640DfE03ff06FA6Ab32C334c7dF4,18821.12966133931
0x5952024Bd375435d21c2Fd46CDB2aB0990bFd79B,17749.329712871404
0x56E30aF541D4d54b96770Ecc1a9113F02FEe3bf1,17711.91169320252
0xBdFC087A5C32F6B6E425697c1A19a10E378136eE,17362.21073755215
0x7798Ba9512B5A684C12e31518923Ea4221A41Fb9,16689.73510969975
0xd319f112bf73eAe5e3cf06bF8D4076cC5f8B1cD5,15895.227741057595
0x7BEA66aD48C584098a67b001c83853526e7e9Ab2,15158.195497713368
0x5C461A0C595d6B2a4b0f4a42fD55bE7aAeD8aF80,14020.324250103382
0xa369B026E088538590b8694f228cD20d9BC35B00,13817.490938046096
0x296E0C21DB4061EbF971e55d5db85011E7Ff9797,13490.283196154198
0xdDb3e886D78F180A0B435741901cE091cdd0a848,13413.784716329616
0xE524D29daf6D7CDEaaaF07Fa1aa7732a45f330B3,13413.43573624608
0x6f5a8A35fb10EEcEF9128f407a0fe67B898556CF,13335.801225642417
0xAf79312EB821871208ac76A80c8E282f8796964e,13140.130207193799
0x73b085ed81Cb4f15b16E47D56e4d04091FaB0af0,13037.152066067247
0x19B3475C5B546EAc3674742e75C790868F86EadA,12368.757006921333
0x60A2C9a2D73ecAfc07Af7F234742f1FC1D1758c6,12199.846935226582
0x1BD1AA4DdF40e87CE385Eb837FADDb028Fc1Ec23,11629.685316733068
0xb912A1d094FDDbf4Fb2297a15E033c7E351Af088,11161.746528091307
0xa6534515D03d6549793a4a0b67cC74553f24adfE,10931.757776826407
0x861107Cb9b5767792a25677e09945882c564F6C2,10835.11860977329
0x53eB9A6f34e1FeAD9Cf1013c7058679bcA6Acc43,10739.60469857644
0x78864CE3E53A439ae0A8e15622aA0d21675ad4Cd,10681.301102526788
0x02706C602c59F86Cc2EbD9aE662a25987A7C7986,10675.033858931167
0xb72B159AFFB75Cb092EFe7AF8F178566EFDD225c,10595.781151339104
0x9808CF542dC77cB111B9D5ce51f530b032714Df8,10568.78004352374
0x7267A0bb3420FeDB593841846Da6E3a96853E75f,10400.11516377768
0x3194E37C9cfeF2064429CF62bc674C391BEB2BEE,10268.081133991995
0xF0B17856471CA6b926FFbeC9ffAA81d5dC152AD1,10218.067371842832
0x48BA9066bF91496aE48Ca95ed5DA2739DE870954,10169.633803482837
0xE075e8541e9c32C080eda53aE8D66B50bc3ED05C,10112.742044993493
0x657A38e6994CB578351376dCDb077330D00665d6,10092.78146116797
0x1CF274a674A29fFe2425c1111b64B4d181744CE2,10061.093861656156
0x842Ca6aE3F6553b1447f4B57900a2D8219E12a9E,10056.100481092944
0xdAb48Ff04BA44C51AEEdBa2A68A746866040a38D,10047.010970803925
0xADAbDe71D13b032D7927e17b05A51ff1b9C1C131,10041.55312771111
0x2C491E8BD8c4e915F41F88Bbfa3846d1C57295cF,10019.906188692263
0x25549275914d44dFC4aBABE024e0bAB8882EF2FE,10017.307538741426
0x5eeB877A4D8Ae876da4C8F6c87B75A1e44efd6C4,10016.337894771521
0x5289b10ac29553A1C566f57ebC14aB4a5B7FfF67,10015.367891623831
0x58D60CDBEDBfAf998604b551e70A0B9f11E077A3,10012.271145619325
0x09F47Dee46C9732a263C77B0EC10b34F7e76c544,10012.271145619325
0x1A91520bf0f165E77C16d00e46E649aDfCF5dd00,10009.548950271048
0x8DCdA9E4FBAe5f2aD96B571eAD92F55cae673BC0,10002.081308868335
0xd9550F0caCa4bA0493cf08ABE9fdE72EF0Ec7EA7,9976.57494927219
0xE296D1b947D29180c8ffE1eb6BED17f1aD076a43,9969.154126427316
0x54bb95e1e5F4f5748388399d6CF93B6cf4Fb2FB1,9955.238830978775
0x8B0ce49a2B92125A5fc9DA1610e82673ABE20710,9951.359536743708
0x81A45e133cc36be6e6fF010c83AfF01A18797821,9942.631124714535
0x57D06A431913B6796278B3f8CFC7b4261C22DaEd,9941.758283511666
0x654329D4984235D8cC7dB1A7705f0ad46F5B6183,9929.053594891497
0x094a3b042ca44fc937De7dDB7Ada6196D5fBaCC1,9921.29500642112
0x23da03dB8C158681155d1820E8D44F089d890EE6,9916.445888627255
0x0439E0f49230D8dB4F4134Ce402cC332872B1f0A,9903.838182362893
0x8338234A8046F6B845D0C924831E71E6d631c007,9902.868358804219
0x2187119E30603d27B59C8FdA7aC1a695A669203C,9897.691061627487
0x410C7bB260CAf1D95D0337D8DDB053dF38169d7b,9890.260652539855
0xF62bdAFc4cB3808346c5854c0Fd129F2a22c02E0,9876.850041951073
0x48b927e8dC6fc74f27E99EF439BFd2765B5e7522,9867.65429530179
0x4590f9C449a352dFc67cbeB3EfbfBfA933DFEaC4,9861.625059207301
0xF742d8f686b1e372AaDAe30f55a09d77320b3635,9852.471374405171
0x7FCb730D4700D96d9BA215d9fE38EF9fADC50b20,9847.588415953147
0x2f7e6F35d42c2a8Fece9f3D8405Af2B3D981AA68,9844.678945276755
0x66d8EBB9DFe2bE86Bcf0F07cde6763d01Bc59eB2,9827.513068286193
0xD00fCd747059D19d759c16A70e068cAc4f065906,9754.039235472204
0x54085FB28CF3a61f4ACa20B38d8D33d67DD18628,9748.620614689667
0x2885c1C1367D578D117280F0DA5c94197CE896A6,9745.249935412237
0xc8f1a5D0f1a411B2F65B498d3A20517e72201b5F,9737.998353809804
0xfd2Ad2748195dd023cAa7936f9a584fb5C283644,9737.028530251127
0x8c61b2d74FD596024C8712e637e8F259da447faA,9136.534644191577
0xd8b87A01980eB792e3BC030bDEc42Db2b9B5CBfc,9127.182497471007
0xb211001c6A1fd81C100b3E18619c9c2cdf65Aabb,8970.856382865097
0x9CE6E6B60C894d1DF9BC3D9D6cC969b79FB176B7,8764.100881147111
0x2000B2AFF2120EC721C976Be0D24335c9fdFb66c,8754.368956225006
0x17114903eB90909D3058dAE24D583E5970030FFb,8723.301092482929
0x58c0A7399C90839570C2b9f0bbCe37da6d976EAc,8581.787452320239
0xBFfadE145d1238a3aDa4b06936C07B01C0931ca9,8340.653127253712
0x73baDE8162E0Fa995a2f7037DEba9D094DEC535f,8283.858176691894
0x706211eBDb7753bD3DcC767b9929CfD44c2eC7C1,8277.260184961331
0x80b0DcCa24d9f31B3b8fb661442Fe38C40a62261,8264.000999132311
0x1890426e1FeEC62512d8C62440f1eB4E6f96C531,8202.618224975464
0x0ffFb5Def552fD8F95327eF971a31EC3898e2b2b,8189.670031402752
0xcF90242288344Df55B22bbC1adDfE0A31Bce91b7,8177.905485924797
0x4CE69fd760AD0c07490178f9a47863Dc0358cCCD,7861.378248293228
0xB3cF3A3f632aB8A37eD2D628A1fc6f4a43f1C677,7844.418709484456
0x4Ca5Ef73617221C3E3f23efbB5b56CF81FF464f1,7796.944634703175
0x5Be66f4095f89BD18aBE4aE9d2acD5021EC433Bc,7733.437868838579
0xDE0187458364Eb836D5bF563721efD1ED14B9673,7632.186853886157
0x904BeccBDDE4436696f14d846008818495AA616c,7378.716620929991
0x33498977491C9A5c5A9F0a0C978a75b734a2E2Ca,7224.487956390938
0xeA04965Fc2cA0F62e4ca2446AfB0c25cCc9335C4,7197.434243177895
0x3e5b27c8Dc096EFD9408B52e994627f827F5A689,6912.024092559884
0x42F13d55A010701CE8e334BD2e439b2D4487B246,6765.025935575489
0xb1c6bCd66322E1d21aC1Bd71FFc6b570A1E67b80,6699.0427794321
0x6fBfdba3BCBf9FA6ee165C72714ed814A0950a70,6620.556737624416
0x2e0692A3d9097931E9b7ba47035C8EA4A388f747,6595.029263983966
0xe9335fabfB4536bE78D539D759a29e1AFE7455A6,6339.43142887658
0x14989473630F117Dd5583B946B9B4733CD305e57,6311.903325856066
0x0eF539B6Feb1b63d72983EeA075Db83bF6554c70,6304.82972672229
0xc558784EBE3A7f176FF0006Df49c4794055551cd,6116.937920371385
0x1FA7ED6eBe41ce787210CA23B9fA63266A0C4762,6050.143987925781
0x947D9bcDc2C34Df8587630CAf45b2a2bf07c88cB,6032.646477351959
0x7633Ae31E314067a261bAd184F7AEc9F997b14f5,5965.352702972344
0xF982E2b501c4110E892464E6F0A51c13448D1AFE,5683.935518620192
0x3AA6605d87f611E43aD0a64740d6BeF9b80FCD2C,5617.571775114051
0x2c820271ADE646fDb3D6D0002712Ee6bdc7DC173,5437.941755074339
0xcf6F862111c4Fa10eF350189d23B825EaBffa7cF,5325.740427977249
0xa9f078B3b6DD6C04308f19DEF394b6D5a1B8b732,5263.390645573629
0xd204Bc46046FC0Cd3f074fF9B3Be7b5C59f0a150,5133.859981649758
0x7edB0CBfe1217Fe53Af0Fb871D92c1c627C6673C,5110.570559112448
0x6E35FcE521C4B4dEA9f97C1bFEB782eC36a016ac,5069.59938930295
0xe483508B13b0c9c7D633215FEEa608F8fa28f485,5015.890961971555
0xc051a90d529bb40Bd44D4631f937C62f630dF43f,4992.953410388035
0x648cf383a4fE746a0e507fBB522e6eCBFFc8EC25,4961.813589085993
0xe4ec13946CE37ae7b3EA6AAC315B486DAD7766F2,4868.9221113016265
0xBE46FC5cB5b4b20d636DFe193b08F40fBcfBf898,4867.757030102923
0xa164Dc5Da67464DffbA916581dc9c4e6Cf155376,4836.457965643833
0x73cCad884e29ef092a7E8B3e943b91Fb3881a7D9,4821.60428603739
0x15Eb585735334Db4B0B75919e5990E6391863B39,4759.444027964983
0xEe2513fC4127B3786C2f326a8aC22A23C86EF885,4739.738187529862
0x97Db0E57b1C315a08cc889Ed405ADB100D7F137d,4569.740592199789
0xB3Ac867291869f604745518267243B2C2BE9cF23,4567.516499538099
0x80bb0D87DCe1a94329586Ce9C7d39692bBf44af6,4552.754312692953
0x06480eef46b91B3b31823d0609398f96e55A0D9a,4548.707277527817
0xB2515a7221b2654F9Faae0E4eD1d0E49Aa7B85DD,4403.396422276344
0x56BbBDD8d9e939EC047E3a61907a4caF4d90d231,4349.124068293283
0x6fE4aceD57AE0b50D14229F3d40617C8b7d2F2E1,4291.455091973614
0x8995E4E1312133F24035880DbC55f1bA9e323ae0,4277.0010893098415
0xa6B34d24dd5FA18db31286B296248cC95eA11d8B,4156.982466818702
0x4A228f14d2130E8E4636418B52aAF3D6b4E887D3,4103.0744245433225
0xD40846A19fdC9c8255DCcD18BcBB261BDBF5e4db,3949.9456775040944
0x8189CA95335AF50A0c9490547186008a6d7747dA,3900.7824386975517
0x9ba3956bbC21409cfA533499d461ae39C979993B,3869.7051940638557
0x8843f611A7510f139DB69541AeBb33dd2319C093,3869.7051940638557
0xdD81866Ea68e3f7A036D3bC386c445745E135b16,3869.7051940638557
0x0A335391047F06bd67AF434314614B39c70499Eb,3869.7051940638557
0xaee394a8e28bE8b27D9a08e80c9A8aD6D72e52A6,3835.4310803375056
0x864DE5bbaf4b8c808E94a8385B95B0855d170137,3749.7430469147716
0xc98b4228FF1F1840607d20Fd20c208215098FAF3,3738.9554078806773
0xA626Bd40A8c88F59A4CF9b1821A7bD71faD96285,3674.6906165232435
0x76500b6A6C640aE7B695ef049F20d24A2ca476DF,3674.4267449680797
0xB1fC41Cbad16caFDfC2ED196c7fe515DfB6a1577,3620.2729055690465
0xFb1329FC9E6b07e684ceC845DA7F6F3aaDC8e7b4,3616.2943652666827
0x0c6306c1ff8F0cA8432B761085d5Ce74160A499a,3577.3703107104757
0x305DD3323db135dCAD64FD40744133259823d627,3466.141190995916
0x32430730567407f4D50764465AEcC381B818E056,3440.4200426212965
0x0d7BbDb6d0D82E896ECB8ED8Bc33aaBd20dE0dA9,3395.7198127912543
0x25315430a21392bF137EcD1e843a8F3c62266b81,3381.16656351783
0xf3d0Cb1b3Db63A5f98a0EcB05d0D9F263058B7CB,3374.0973130248476
0x96FCa82BB2ce4c5A700a14581412366CC05dd6fA,3370.543065068478
0xB1e22281E1BC8Ab83Da1CB138e24aCB004B5a4ca,3370.543065068478
0x479dE30A1E7e53657C437a6d36ae6389B290B5Fb,3370.5428938356013
0xcaE8cF1e2119484D6CC3B6EFAad2242aDBDB1Ea8,3334.3746539738822
0xc38E6640816B2731ed595780582A87c9b990D0C0,3333.4888340096363
0xDb2eDCC7880F0071959e2f6713CC335a6690FC84,3295.4671165805253
0xe5e1e9c58DB4ECaB40fD46D7aC3578b74c1D0921,3277.2448061854266
0xE1b84A8CfD690A0b34AF8EE610b7FFbE123D8608,3265.3295818332494
0x0F9548165C4960624DEbb7e38b504E9Fd524d6Af,3249.7853166575346
0x7386d48802560A1d90459De0Af88103A1754B872,3242.154719377869
0x2f45724d7E384b38D5C97206e78470544304887F,3223.436982081017
0x59ce436890c241Bac964FDEBBcc0c4f1eF0C2deE,3155.4954966393034
0x411C88b3Df78c91A6cB401dc6e10dE4e55D8E36D,3149.528805397963
0x145d9df4c64a6b4b50766F54A76d0eb12d93Fda7,3085.327245406504
0x624475C20a9EeAF02Ecd628a24393d2B63e94154,3067.6404761305675
0x51c2b001Df060F3e15b3a26e74A37588fa76DE7d,3040.691873696403
0x9505F160A9a74ad532d674De4F200484e0049b43,2996.893467186528
0x2Eb5E41673506c9acFC94b665BD0Ca5B5F7335f9,2974.666958026778
0xd5bac35955405bf81D2Bec4Bf94Dc587784e5be2,2951.1308602941012
0x97Eda3C9f1e4c7eF743b552Ab687Aa49FCa804c0,2928.9026918656155
0xE940FCf8195bEe37cf5a5a72f79E85280B28c5a9,2891.02668252557
0x25217b4A6138350350A2ce1f97A6B0111bbFdB56,2864.5760953423496
0x588cF3AFDfAd557168D15d377757c83856E6Ff12,2859.4194319881717
0x7206BC81E2C52441EEFfE120118aC880f4528dDA,2854.849831078679
0xc2979f313dD6731efD591e983d4CC5231E49a387,2835.102346448005
0x85E069c6743A5D0ACf2B7371A28Ba3273fc51431,2815.4894961513287
0xf88EaDe6A90e32C869BD12Bcc0071Dc42aB77529,2788.0641196348297
0x9665B6F0CF162792851A902E452248B16F2f4b5A,2667.5769466178526
0x973872cA85cD7175b02FE24701438174901ED751,2629.0992337191333
0xe0AdE70f1B4ED54cb9583A1ff362c1c0F4678403,2626.793629329942
0xe12D731750E222eC53b001E00d978901B134CFC9,2613.915112338964
0x20cE0C0f284219f4E0B68804a8333A782461674c,2543.2869844203638
0xD90515a69C82b92992fA3c03D010AcCB366Bf2C1,2513.529745008285
0x1b35fcb58F5E1e2a42fF8E66ddf5646966aBf08C,2390.616783615871
0xD9D836EBC67Abeec65b29E586F89816Dab991F69,2369.836643235771
0x9BC2F420E089677c64e079044eB6685232e732Be,2356.539743551021
0x6F106e0ef498a594CCE8280976822fA3798A35cb,2316.7108525946596
0x2B185C762F6Fb49a07116EC06B238B58Fe2BeC53,2316.4222366793874
0xFe36AacBCF5677a4A04288764C16acb4220894b9,2309.537209629327
0x3a390b018fc3425d06FB84DCcdD140481A960939,2296.4632249999477
0x88c21E961503061EcC51dB6Bd09c01d5daCCe427,2261.6792587982713
0xa66e216b038d0F4121bf9A218dABbf4759375f5E,2252.0965455715404
0x1448D297420799a0dEB4bE0C270E8ec310c8E8dD,2144.538689386773
0x5Da70A90CaAf7015DE9754709400a97A988476DB,2076.249635215158
0x84A51c92a653dc0e6AE11C9D873C55Ee7Af62106,2058.9853158897345
0x5FE1521173F553084eD21e5CbeDE7233b5fE1AA7,2005.5434180513246
0x1E480827489E3eA19f82EF213b67200A76C0DF58,1999.0436141016062
0x78B05688bEb478a03160Cd757806d0893407BdC1,1989.5784155638205
0xF0A59a372b17F146661cA6E48E87077A8784B3AF,1985.7196580752093
0x1ca96E1A7Ee91Df4D20DeD37D6DB68734419D682,1975.5255734947082
0xA1958a37C21372482DEfF4618BAEbbeC23C9a449,1972.3012321006486
0xc8728Ae130381EB77Fc9a8b715564B00e83E19Df,1938.3467221068067
0x8FFAa09A58Fc83D4d68A597F845309DA680be006,1925.507141604468
0xE98cE2b7B32C2Eda0fbf9f1756418FDde2265957,1847.084098444226
0xdceb0Bb3311342e3ce9e49f57aFfCE9dEac40bA1,1840.8353244262107
0x8874174A2366668d54fEa6343F71709389563c8a,1836.8063155175794
0x97294B51BF128E6988c7747E0696Ed7F7CfEe993,1831.732617621517
0x6aef48eA854Bc0e805232ceCbab2fab592037c19,1827.4856176325975
0x686Bd59caE3e78107515E87B2895cCBe27fb7D0A,1791.2446854468785
0x868CBfd33ec93B451c510125E4D9f1AB1E42fcD2,1791.234990032457
0x6B6192F3299187DC68306c0aB43AbBAeD8eA4AbA,1715.825236443291
0x9DEB607b7E92096df55b02aA563e82F612fD0DEf,1702.9563853223058
0xB3dDC2A5B4EbDb7640191906Bd4195E23e17142c,1685.2714469178006
0x812B9c3Ea2c49beC95D0Bcda4Db39513baaee261,1674.9801410421574
0xc2Ffb3Ba114F19F6f2e5Fad5C68f25A8e942d805,1583.6443591920731
0x664D448A984DAe1e829BF71e837faCd7b657EE10,1546.2672888341363
0xbC82A7232c1f043e4cc608e0eC1510Cf50E28f64,1502.604545623978
0x580A5b2f32bD14af9da1e01ef41fEB754f78c350,1468.6764241748122
0x46c575C8E7Fea373f989e9b3e088c2e16FB7B523,1468.6125933706212
0x32Ec95fF39425Bd7F2C98D078A0b4AfB03641521,1461.0723227305868
0x5B187c84b31C243202959aB4B54f8396E5DBaf32,1454.5275826197444
0xEA5954B24de2877b497CabAb5E54682cF5930191,1414.471614435213
0xAB031dD0A55058794DCa22b01941eF9A299176c1,1384.6022973743536
0x0e6E75D4842983a45C47d8CD88FcC32bAeec62C4,1381.5635915081816
0xe9bCCEd88099FC4aacF78b7c43307E758E1a5382,1370.9059281838972
0x3bE2a617a86DD49Bc8893ca04CEa2e5F444F9c12,1357.9094147691635
0x945a873B0E08a361458141f637031490cA01b9c1,1353.2984800855959
0xc45D05CDc809d20c7B14959E8cd4a1199E3e966F,1328.690546536994
0x891C16d225e4Fd30d0874Bf2E139B0c11a459a07,1265.0771637556277
0xCbE68Ade2d49b26d67A79fE769Ccce7906834177,1252.5073726650207
0x216EaA9a81f01e682F30983CbB65cE32F3b70097,1219.2135919889095
0x3e051c89cd06e6867ce98c758fCC665d2148E1bb,1201.7490493398911
0xb25024c421D4F8BEbE468d3dC353e07868C99901,1186.1242995282691
0x7540cA8906357dcAf518d0E78b6F354268A0C736,1174.3411486597774
0x42957757894b5FFe3D2B5DAed229d220C4b62e3c,1161.1759347609393
0x564d5AEEb2CdE5Ecd16dA4C0398C3937441359b4,1133.3151844045717
0x536964A769E38B0c4225B9d949932f00031322bd,1127.487474522922
0x37FC9Dc092E8a30A63A1567C9ac9738A7D4A08ed,1123.5143550227867
0x0496cbAD3B943cc246Aa793AB069bFC5516961Ef,1123.5143550227867
0x464F6392E68Bc6093354E5bf12692e37F5e4113e,1123.5143550227867
0x93A51Eee2306d98061747626776F8ddF761B496e,1099.7038176963051
0xEb0CeB1F89D1dd01bDFD2Ff9e145271d8FEEfB00,1091.03340415681
0x609470c2f08FF626078bA64Ceb905d73b155089d,1056.3026158984917
0x68897d3c09C5019BfA59fc863f9d86d4583861EF,1049.3026811350153
0x40Ee2aFBFBc4286b25e2A194920C7d9591eef9Dc,1044.268708362207
0x57Aa14fcFeF7625Fc0409C5E5579d4899ab1933c,1040.960220826188
0x2e6A27556bF03125b4DB4704fcc86247D432365B,1035.3524679458963
0xDEb3994785Bfc8863e808df0E0C43C9C0058d7c9,1029.3367048579523
0x013cF8AfDa4d6739fc585734f2D4A01F9deB99e0,1013.4031887410251
0x0F552F5d5d5badB92efE09232ffEe5c81c3Bb394,975.7745107636613
0xBd1E1Cc9613B510d1669D1e79Fd0115C70a4C7be,961.7282878993373
0xC8c15FEd0F83E03Bb3b6db2ccEBb45DE5914705c,953.453282697207
0x3eFbe2262eD0Ee598FdD0417909cbaaEE8D673A1,950.6454765981559
0x3aE6a0e8Ec1Edd305553686387dC85Ff8D16AC51,949.3696299942542
0x808E3dE77975b9b050D4A7DcbfCE909E20fcF4B5,945.9994597438595
0x505520c74D915B818CB78f4511C2FA62e759Bd66,935.193472399959
0x8E07Ab8Fc9E5F2613b17a5E5069673d522D0207a,916.545432001185
0xb8920e475E32B807cE51e0eF823fE070D7D96e8C,916.1007081078801
0x845B0BEd7Dd6A2dc60a9F8d8e3befD58B645c528,897.3873822943073
0xabc99c91513e26421106E1593f677800828B5284,893.3825320751558
0x1EF84F070fFaAeA14E63A2b3FE406400FB3bbC75,875.8589700910261
0x7469aD145870122155BfB76e4adBF180a8da1A30,874.6119513621231
0x09bAc567D73E8BC701a900D14C90c06644eA0156,844.3958396255723
0xb245A959A3D2608e248239638a240c5FCFE20596,802.1892494862572
0xe952b29E749DDaaabd7A4855584D5BEcd5CD65bB,781.3959669307336
0x7804C5F4FD50F7c12845E2951E24858B8c270e35,744.2217133566156
0x0D0d6625F9A0B3370b4b69393E59fdD4d077BB38,734.7783508560922
0x62F61ba522E3321bd4571E99D0034A67d9F7ee51,732.3414084706586
0xAB63953B631336bD204fdcF126e2a010A47b1A36,730.2842936643724
0xDd77a81910f4513524bdA1394A3dE2237E4288e1,720.4286384379488
0x07A12C972f168d810c2E10B4f4ed6E42B82FDfF7,709.0091703020935
0x66146eA74ce40B4b412cdD47378D538F6bcEB8E9,704.04819465295
0x6Ca7B32902EA9dCf9E184830b85C7Ba40B742811,695.5393877399887
0x94535DE0Ee84f36343c539285183a98784f5257c,674.0635494343855
0xEB63B57AABEDf4e3A715F48af77E7D7aF3FD709f,662.0515600044047
0xE684d1546D810584b990e076F5992Bb0ac4b6A60,660.1182291319599
0x146C216Bec55ea7d694b2611c69d9eeC5b017DE8,656.6689283676998
0x2744eC05D936e5D0367591dD59D14f2e0da13694,654.4605432238918
0x865D7eb5db37cc02ec209DD778f4e3851a421A20,650.2900756505807
0x865FCDA847083C81E9c3FdF0e4612E13bf5086dc,610.147807052238
0x2ed284077cc25A3f400DAEA79714Ac4A5AC474aC,574.1158062499869
0xBA0C7d2c4595B926A29E42efFFfb3908994Dc5bD,526.8164007036464
0xE72627a8B89321451BBF429306d759c34458Aac2,512.8738241748782
0x6177c63b29199592e352619e0DE5Ae84F5C296A3,499.7247631777812
0x0D69BF20A4A00cbebC569E4beF27a78DcB4C0880,477.85553232247196
0x35aA3f733958b7416669303945093C98819F77A6,477.2240292522285
0x0e42d7887e4Dfd681Fe295BeC85729C0420E0ae0,472.4562422237144
0x5DaF1e55ef58410FA79c4AB1F2c1623F740530b6,439.7896312622591
0x3a6Fd4CCD8908271601a34892EBc7569b3f2F932,437.2969192350486
0x3214e141bdAe08Be1f382A885cf3d2a448A5E780,435.79768088421616
0xd0D004B4ce867785D9aB4C684f0497680AA7B6Ae,427.3732959817295
0x2d7D5a9AD74F16d310Ab59dC676e9978a1CeDa02,410.73409284987173
0xD7bb2EeE591CE19A54636600936eAB8a40f5a65C,407.4512698360762
0x8450A7852495DaFe063C3E436d0750698777965C,404.65295232818164
0x1f7D588333431870F107210FEb039df470d5Fe3C,400.6835469118925
0x6a4a7ACb12032Ee8775FEF305366873975b5367D,394.0368135290012
0x29F5597A9d3e665C6C089Ca040408478aFE210C6,347.40357478671825
0x772d7bF0d57Ff35e26AaB02efa0a1dDB3d4Ba35b,345.8017397794952
0x71627841545a504562Bd5a89d24ee3074FA53c83,339.44180013614033
0x1C86E98A4CC451db8A502f31c14327D2B7CEC123,320.9208444923222
0xeF60654aB2fA6A8eB26829574C9E63C4F29838a8,309.2246356618975
0x355c08523E565b639fDC12dBCa1FdCE13f3cc880,306.0995219518693
0x7FfbEb62Cf6E5E53F898bA52d66d29Ca3B2851fD,282.3169449200505
0xEfa4c696Ea2505ec038c9dDC849b1bf817d7f69d,282.3169449200505
0x128e3B064B40B63d2F8d68d912C78E79AcE70291,265.4655746866116
0xfD102a750C595d95ACE7bDBeD17E8b444891610d,262.2059284074267
0xe2Fb93aED14270FF72F710AF377Ca9136E0FE758,259.5261664247407
0xa4AE53bdC6b7f86dB664E0E5b75B98d662B757d7,245.01998718405397
0x249A49d3201C1B92a1029Aab1BC76a6Ca8f5FFf0,232.56747148963382
0x4A401Ee7Fef089CD20D183fE2510d7BD38294728,225.8263853595885
0xd264bC31A13D962c22967f02e44DAdD8Bbf25232,224.70285958893774
0x211a42CE37b688B50dC1a7E91Cf321970274A50f,220.86798010175497
0x8a9BcDc68D19e111663D6c986caf1dA1edA1c304,211.90259404903279
0x1b77b7C80397ac33831447701f9F85a15863a4Dc,211.29918999566326
0x37bBed10611e5e8b7cB727B85a088a39BeD3Eb0C,211.2276361937453
0x81db2dFD33b24419F0F715e331f678411Eb1ec30,208.07654263088338
0xE1518a5ae4C762a0Dd7773B987F6BD8bd7cA155c,200.66630832849444
0x576Eb27cBf54518D3De5a38eA7746ef6A9b8b5E6,200.17532042459064
0x501Ee58aeF617A1B1bcFd16Cf12D0bC8f4F20F59,198.75923230590732
0xB6c3e778FbfC698f5B3fc941fA4727525141E0Ca,198.19299661219642
0x49a3Aab8EBe80725646937b9E9f6f8b4e9867bfe,197.75696443661246
0xaA01dD01ea027C3880204caA7572101B34baD366,186.7141152446102
0x671785E5326748dDe318b3D57051A1a78b35181C,185.8369466739626
0xAACE084Fa283632AD4471B9E2C84D2f4d376d0aE,185.01586690026016
0x30B5a6e6f54507E0DEE280923234204B6A82664A,183.0317235767072
0x6969694cF766A71A1074654496C343BafE133FF8,181.153716025212
0x6A8B2c8dEb5012014b76FB7Eb08CA3B6EAD840A3,177.968934025298
0x97c98D6ab8DBbfe6ba464BD7a849d376DA1bB540,174.3386802104495
0xAec52cAD1e7b8f3C21F38a312fA3998839D3c2C8,169.81161428305194
0x54BA3FF9dDbD2dEE95CDA54e863b07B0cdAD2eE4,157.80361571886527
0x46822E4246a4a414459A2FDA91467cE96408f1Bc,153.42043843437446
0x707c4603FB72996FF95AB91f571516aFC0F3Fe1b,149.46560739149643
0xCb59280EB3983a4221263343EF184D2D0189De17,148.30388732875795
0x41a6ac7f4e4DBfFEB934f95F1Db58B68C76Dc4dF,142.1223441519184
0xe7A4Dd3f2B5a2F0d6c0Cbe42e0176bDd00541851,137.40767956277267
0xE7A1C621Ed75EC40fe4c86605e60d2851287D14D,137.0687513126928
0x79F45626a89f47D3E49FE7c9cf24f3545F8526C3,129.93983961175212
0xC81484137F6FC2Fb9115d176Ce54AbD4F2FA7e6b,119.923959766422
0x2E23E9a0cB139582E5012D2f07250E9A78208B9E,115.79363209095357
0xe124AC1D71aB774f31b884fefaFd126a66e5b935,115.13989910132798
0xf4E2152c622260A1f1f8E8B8c4C3C5065165Ce55,111.22792114716482
0xB26aE0Fb1C2A8f5f3cEEFA1dcc235f6B8260545b,110.89475499917627
0x7556C2a4FbD77B91bB1bFBf647A4D2B36d63CF41,110.56058585121517
0xD016cCF7B485D658E063d2E7CB3Afef94Bf79548,106.08938161279977
0x00A62B6d805B2AB6A7a4B719691e68611f53a085,102.22589909220159
0x7Cb552152e2b28F9f6911c51B69B0d8D1FADafe1,101.1162913812025
0x2809D5D8f8771c9278DdF0A2D452501ACe7d790A,96.68353977007516
0x1296b0A992abc44675fF6800Dd86696DC9366490,96.02345176939251
0x11B0AB779e48FcdbfD538de4C62B034a44D2aE5e,95.7708829818638
0xF11E4b85246B28734DB56D54d0f81C8C4D8af8ef,94.51971315920754
0x50DF03f77FEF40aC999DF4329Eb037806ed687B4,94.10564830668349
0xCf43b38D5080ac6dfbbEd50B853e314152d2E84B,92.76738800003369
0xA0A683Ef1cE94457F4c8dCb99AAa54aF54d5bc6C,87.01424024884223
0xd286a9bB11d2165915E3bf6D1c79aadEBe30f605,85.10621239297352
0x801612E860e40612cfbbdEF0133A2Fb6938f2f73,84.76427945847978
0x3850FAA53550bD0466b50F44892f92EaCE080457,83.31473474615495
0x0DA9ea7Dc6E9E0C5DaEB13078C1cC6d6401B1AF8,83.17460602112374
0x55e1490a1878D0B61811726e2cB96560022E764c,81.34243930360965
0x908E8E8084d660f8f9054AA8Ad1B31380d04B08F,80.11780865659827
0x3A3faaA349aD27e428861365954bBF2D4F38Ef94,74.47817574403268
0xC26CD230129582b171F8F3Fdd640C5dbD94854E1,72.0048271116191
0x6d6DE2c03DCeb26E80AE2007a0B6e3D379C9C32a,70.96361768705756
0xf622101E8f0e955ed714799aD17c21992c8F243b,66.14835614968453
0xe0dDa4f11dA57F5b01D360072Ca1627Ea5bf93df,61.55469051358757
0xED20BC9f8BE737572d7e40237023C7A8FEA3449e,61.08436816516205
0x7074E05C39b41EDd1C16478856b5de54B3ac67D6,58.12520049160998
0xbFB5458071867Bc00985BC6c13EE400327Ac5F97,57.73591352458615
0xEFa9bEbE299dE7AcAECa6876E1E4f5508eEeF2db,57.712085809724684
0x9FfE162b9B7FBCa991840B936F95B40808A1a998,56.63675255292438
0x71baFD458A46b3BE856C64cdFc25845c0cf9C6Ca,56.6046965623756
0x5D8A52e816b7A29789C32dD21A034caDDd2bC750,56.175714897204905
0x0000b1F187e5C260f8087B762eaE63ec8B0DaDF2,55.564367903101164
0x63565663169428048A4c69F278129D1214603B54,53.092922055192645
0x7896c3075E0dc2BC727cE34Df90f39985a21b264,47.39761445129088
0x47af8Fe62Da2CaE766fF5BE512918ADcC21eC54B,46.21274415032703
0xb1cCDD6208eE0E912665c2ECccC75Ae2a5AE227D,43.906303275804014
0xb0916C38861dCeef1A62A77887e573861FFb5d63,39.32300042790171
0xD3198D541D9a3ECdAC8c33620E177CE1FEdCAb68,38.97646454045472
0xe21C87ea23491c4DD794c6D0103c50De6b695B6D,38.93108590723123
0xD1dC73624801E480065070D76Cb0C9D2b010Bd02,38.76483544774935
0x0C7694d5CB77E75C93C8FEde6145a0bD39b2f8F4,38.15202498675757
0x8DE3c3891268502F77DB7E876d727257DEc0F852,37.80625612584394
0x2Ba838E42126aC349D01c3D1FAc85a36266151a4,34.64154987459065
0x27681edf945f8CD3B72E97CF3b869bFA3dA2eEDD,32.93697524246831
0x06549fB17539e19Ac05A4A3B26F3F23b9fBe75a3,32.87832935405637
0xD26eA7412FB75D5E4c8c9F3EE7b1dfFf64440eE8,29.21137174653238
0x090476500Ca188fD2aDa370bB1B4e020f86E8EAF,28.810517564070402
0xc742a9458c4Cc6f6498007ffC81266Cd3a3f578A,26.96434452053554
0x4b3aa773F44e620cBE3d2AFfe0dc2c25eb72e3Df,24.266666515391325
0x94c6797865316122742BB35E9AFE42B0DA8F37E4,20.930030994701397
0xC9D1708BeE78944F5c45E301405C1d34ca866FA6,20.138607719732175
0xbCA35347207Aef8024dCf1E518DD75543523467E,20.07273376921329
0xB393F3777f6c9715aA5746e540497704286C2873,19.99744925433456
0x859Fc918Cf1322686FeC52A30E4A9eA388DF876D,16.912751092288755
0x83e6FB0845Dd795A81FB2315154389bF1C8129B9,13.174086417199167
0xA1a153CdF49b83f8BEaf6afED7A27B7d0A37174e,13.112531704441913
0xb4dA2aB44E2f418F3d5027E602e409aD9113C6bf,12.922839402255281
0x079F6b25092850b0b0A7f1c52AE9e01A9f66583e,12.747461687628773
0x75592081D5FC1c38d2da8098dfE535CaDBe39425,11.235142979417361
0xe377F29953ca1310BaBA1F1D92F7e720eEdE144a,10.433714321614039
0x65b8ee88Cd729b00c574884f3404678bAc479dab,9.650290382370002
0xEF4a52d5483049B37cB883539d1B380eeD80a598,9.578101653184607
0xd4A03cE230616680574F177095C07433E3A3B992,9.243399873585396
0xf6b9Cb280Ae3c5dd5eC22D7A1A2A7f5F0a1AE879,9.084584145785664
0xd3Da55c0B6AEcc956A37f02c6ee7BDf779130875,7.396244545984822
0x4FcDA1bd88776882Ee372EBAE8e6d05919E7FDD3,7.368395323432875
0x73495E34A5577a390753ba344A48D8E731A2Dd32,7.315939393087533
0xb314DA0A985d4deD335eB15454417A536AD41651,6.4779281325867455
0xbb022B95a85FFf259CE6E60D6373148f015a1d59,5.2645557423304545
0x3653442Ca5028E3CCaAe5192F054849E30569148,4.989127454560753
0x9986cda2891E7963CC75f50FC4bB360B47a85FaB,4.705282415251078
0x7A8B83DaC270463895233Bb3932A799c12919f27,3.9323002424673774
0x054c2F551B2434caf63423252d7f5Ac1f2bcFFDe,3.3704239833867966
0x31F1e01763Be70c0bA7A5F0a4314B4ff79d5Bea4,2.942647118758263
0x9105F56F58A9cDB0e2DFb8696197CFAF3E45b9F0,2.7189046010022304
0x63906B807e91c3cB5c18D28B76C5Be90E488e5EA,2.494552468733754
0x7d30B785901A02A18aef0210f828E81C0cb82a9E,2.4484872212046436
0x2726E0F1518721791833b2836c56Bc99014bEF7F,1.9465961087834058
0x9c966b06b5E422B27D2Ac1967e8387Fc5deB75cb,1.8721563341741807
0xb00d51d3992BC412f783D0e21EDcf952Ce651D91,1.7077418195642364
0x9BDbdb4A8f7f816C87a67F5281484ED902C6b942,1.685271532452275
0x17782D2C9660861c70D397697dAd8700B8AdbE9D,1.420543946117033
0xFe202706E36F31aFBaf4b4543C2A8bBa4ddB2deE,1.2528370461204899
0xd0cC9738866cd82B237A14c92ac60577602d6c18,1.1235143550075513
0x82619EDe0ac5d964a0711613cFf5446ED3fF85Dc,1.1235143550075513
0x4c890Dc20f7D99D0135396A08d07d1518a45a1DD,1.1235142979299257
0xc94527FdE2d01dd166991231120dCC2A6F09c303,0.9698235586748168
0xcd69E59C6f4079c997dEf5e46bF18f74DF1c4b9a,0.8563613995545662
0x7da07CB7a0538Cd46f8234F8f61e57404c21DCe1,0.1957377884869196
0x618d78142F87A08Ba92132C5E9204298ef665a55,0.19572486669072078
0x5d5EDf52d270BD73011b6200494617775Bb85006,0.1950885968080116
0x4a83A2d95bB61d505EeE428478419EA4799345cd,0.1869680829219763
0x25C6fE5005d5cf4C7e665A9056B06856248E4f22,0
0xae8003c792CDEefd54f93E98481a8d58cAdd30aa,0
0x95B0cB330519DB2bCaf74B90C1BDe3D62f673718,0
0x1e1a93F781a41d546CD4aDf29740c9d2b76EE59b,0
0x89fC87d755e25a935846335d370A348f42d305cE,0
0xb98Ece8A010Daa74720281bF147bb1cE7209fcbc,0
0x6d61070a83ab80B97B72DCe9D10DAD357ACc6314,0
0x8a1F6ad24847A9cA5e58c4D96B2AB918Bfac791f,0
0x8547Dfc5f5b44709849422A6025635aAE72473E1,0
0x0B75Ca06385bE5683e071c5859F944CD982081EE,0
0xEf4aA2606C138D98743FFb46959583d92Ca1E6a0,0
0xAFb4BCE970b77222a74D240294Bd67216114b8eB,0
0x97F50652a201Eb3f8fB9DdB33766C7157224c45B,0
0xCEDF6A78AB0D2aeeE70Ecf511230dC1ea38315E1,0
0x1B0F4AdBD4c87979509419487d575C5275b84a09,0
0x9be8e4E9D4A68bBdAa8DEcaE9f728Ed50599Be7c,0
0xc9b79773299CA2fa7BFB11a537ee33502495AaDa,0
0x7e76d0C1128902324D5511D6a2De549712081B70,0
0x2385233abb910357e2b97A16D40e0443e53d0769,0
0x776CE1769dcD53f80537A1466a7fF7436F0D4E79,0
0xcada1A8378Ec627790433fcDe0F2a06Ec431d4C0,0
0x5e0a088942EC09C9Ea98aE237625f063A3BeD237,0
0xD63154aBc9c6655626F16F0AED41c2e958410724,0
0x3d1A613614b4B19115eE9d1DcddD47C629A25022,0
0x95f6f16b8E45039A5Aa679711B272BFc6B7805C6,0
0x1A5F6f16B81627fF22C36614D7ba59A4EFC2E206,0
0xc1c63A197cBD2b11D987dadc3e5cc5794e5A9AE6,0
0x0000000000000000000000000000000000000000,0
0x04c523C581415Ee4853D8F220010234D1E7CC561,0
0xe7Cdd6583b674AF8d10b89899b134C41846dA0bf,0
0xd701E72C00c461f8Ceb19591c1760B42918ac7F9,0
0x96402c290A1d7B8DdE1A3172EB2684b55727666C,0
0xb75e6A898F4D7dD32EfEA8D27094432b0f90618D,0
0x274949b0dB377742A46074f75749E953A8da45A7,0
0x5B136c570057B8A24FbBfe4B9988e9F84a1df4c9,0
0x23269Ae20Ad7028734f89D17535770FEba5A994C,0
0x58bA57abce300a8f60f318318bC8e55cf2d2e7aF,0
0x9bB46E25B9701Ef0674a068033b443434AB24596,0
0xA9a4FBB7da516cd9902eC69f759910Fd2A68df99,0
0x9E4F9e32C9b4F9dCc0F52185aA4f6FAcA60fCaD4,0
0xbF41F3173c91cdcBa6bE8F2053D0b518de4aEC48,0
0x9D8C9112384967260078F1161FF82E40c0Da81A5,0
0x3185EF019BA1C04B8d65eDB64c1c34C3eaE52271,0
0x45F0D20cC203520E754f59D8d6E806638714f948,0
0x0C4Cad0A420520074C91983E315faba77EcBe493,0
0x5F72A78EC3C6778edD72715E0c394E1E44C3fDE4,0
0xB5123919269DBb52823C27D05e7A58B99EE63f08,0
0xDb414e0D262f9f0fdA3eD96bf68e02C9fCEA09cC,0